[{"model": "administrator.jmeterprofile", "pk": 42, "fields": {"name": "JMeter 4.0", "path": "D:\\apache-jmeter-4.0", "version": "4.0", "jvm_args_main": "-server -Xms2g -Xmx2g -XX:+UseCMSInitiatingOccupancyOnly -XX:CMSInitiatingOccupancyFraction=70 -XX:+ScavengeBeforeFullGC -XX:+CMSScavengeBeforeRemark -XX:+UseConcMarkSweepGC -XX:+CMSParallelRemarkEnabled", "jvm_args_jris": "-server -Xms6g -Xmx6g -XX:+UseCMSInitiatingOccupancyOnly -XX:CMSInitiatingOccupancyFraction=70 -XX:+ScavengeBeforeFullGC -XX:+CMSScavengeBeforeRemark -XX:+UseConcMarkSweepGC -XX:+CMSParallelRemarkEnabled","javapath": "C:\\Program Files\\Java\\jdk1.8.0_202"}}, {"model": "administrator.configuration", "pk": 1, "fields": {"name": "signifficant_actions_compare_percent", "value": "3", "description": "Reasonable percent value which is taken as significant", "secure": false}}, {"model": "administrator.configuration", "pk": 2, "fields": {"name": "jmeter_results_csv_columns", "value": "'response_time','url','responseCode','success','threadName','failureMessage','grpThreads','allThreads'", "description": "", "secure": false}}, {"model": "administrator.user", "pk": 0, "fields": {"login": "default"}}, {"model": "administrator.user", "pk": 1, "fields": {"login": "Dilliprasad"}}, {"model": "analyzer.testdataresolution", "pk": 1, "fields": {"frequency": "1Min", "per_sec_divider": 60 }}]
